Hash_ID,Vector,Focus_Area,Tier,Source,Date,Title,Snippet,Link
a8b603f1ba0f36a586af2a7a6cbb118c,Institutional_Positioning_Dec2025,Fund_Flows,Financial_Deep,bloomberg.com,2025-12-08,European Institutional Equity Trading Study: Liquidity and ...,"Dark pool trading remained relatively stable, at approximately 5%. For market participants with a variety of execution mechanisms at their disposal ...",https://www.bloomberg.com/professional/insights/trading/european-institutional-equity-trading-study-liquidity-and-execution/
cdc19822b6052e6937495d292d6b0355,Institutional_Positioning_Dec2025,Fund_Flows,Financial_Deep,seekingalpha.com,2025-12-10,Viasat: The High-Risk Satellite Stock The Pentagon Cannot ...,"Dark pool data shows significant institutional accumulation, while options gamma is concentrated near spot, suggesting supportive flows and potential upside on ...",https://seekingalpha.com/article/4851991-viasat-the-high-risk-satellite-stock-the-pentagon-cannot-ignore
bf64402ab8c010525c3f4e209a6515da,Institutional_Positioning_Dec2025,Fund_Flows,Financial_Deep,seekingalpha.com,2025-12-22,TeraWulf: Turning Scarce Megawatts Into Contracted AI ...,"A sustained move above $14, confirmed by a rising dark pool buy ratio (EMA > 0.9), would indicate institutional sponsorship and potential for a run toward $15.",https://seekingalpha.com/article/4855062-terawulf-turning-scarce-megawatts-into-contracted-ai-cash-flows
5a81740ee5cac04a4aae18e58b83bcbb,Institutional_Positioning_Dec2025,Fund_Flows,Financial_Deep,seekingalpha.com,2025-12-21,"ASTS AST SpaceMobile, Inc. Latest Comments","Those huge blocks people see going through in dark pool are highly likely to be arb hedge funds adjusting their Delta. They aren't some mysterious ""whale ...",https://seekingalpha.com/symbol/ASTS/comments
c88c7afe0f166db5252116e384fa3535,Institutional_Positioning_Dec2025,Fund_Flows,Financial_Deep,seekingalpha.com,2025-12-10,5 Hidden Risks In The Markets,"Read about the 5 hidden risks threatening markets at all-time highs—AI bubbles, insider selling, margin debt & more.",https://seekingalpha.com/article/4852126-5-hidden-risks-in-the-markets
f01abd66c12cc26255c1c388305d1e06,Institutional_Positioning_Dec2025,Fund_Flows,Financial_Deep,seekingalpha.com,2025-12-22,'Irrational Exuberance': 5 Signs Of Market Froth,"Margin debt at records is meaningless without normalizing for market size. Insider selling is mostly personal liquidity and tax management, not market timing.",https://seekingalpha.com/article/4855129-irrational-exuberance-5-signs-of-market-froth
2601d3135d12d355de8bee4c6a214d47,Institutional_Positioning_Dec2025,Fund_Flows,Financial_Deep,seekingalpha.com,2025-12-17,"Figma, Inc. (FIG) Stock Price, Quote, News & Analysis","FIG Insider Selling & Buying. DateSort by Date in descending order, Name, Title ... Dec. 22, 2025, Praveer Melwani, CFO & Treasurer. Sell. 14,482, 39.48 ...",https://seekingalpha.com/symbol/FIG
9d8472b0e3b5053bca3412fa47cb2f7a,Institutional_Positioning_Dec2025,Fund_Flows,Financial_Deep,seekingalpha.com,2025-12-11,Dell: Undervalued So Long As The AI Push Remains In Place,"... insider selling occurred in the last quarter of 2025, suggesting insider caution despite some analyst optimism. Is there something troublesome news coming ...",https://seekingalpha.com/article/4852616-dell-undervalued-so-long-as-the-ai-push-remains-in-place
b410ba229d73e209f1aa0f72ad19fef2,Institutional_Positioning_Dec2025,Fund_Flows,Financial_Deep,seekingalpha.com,2025-12-22,SoFi: Time To Exit This Fintech Darling,"Secondly, we also saw the insider selling occurring shortly after the Q3 earnings report was released. ... InvestorMan Sr. 22 Dec. 2025. PremiumInvesting Group.",https://seekingalpha.com/article/4855002-sofi-stock-time-to-exit-this-fintech-darling
b493bf5ba4dc076e884f6683deebec69,Institutional_Positioning_Dec2025,Fund_Flows,Financial_Deep,seekingalpha.com,2025-12-11,Arbor Realty: Why Insiders Kept Buying (NYSE:ABR),"To start, they stand out on my radar as the broader equity market is dominated by insider selling currently. As an example, the chart below shows the buy ...",https://seekingalpha.com/article/4852382-arbor-realty-insiders-kept-buying-rating-upgrade
0f84bc564ca588b8c14ad7a858e27cd4,Institutional_Positioning_Dec2025,Fund_Flows,Financial_Deep,seekingalpha.com,2025-12-10,"Amphenol: Gaining Market Share, But Upside Is Capped ...",... insider selling. PMI diffusion index amphenol. MacroMicro. Regarding the ... Our Top 10 High-Growth Dividend Stocks - December 2025 · Financially Free ...,https://seekingalpha.com/article/4852337-amphenol-gaining-market-share-but-upside-is-capped-by-valuation
f704095e2ae834befb0397c26faaf7e4,Institutional_Positioning_Dec2025,Fund_Flows,Financial_Deep,seekingalpha.com,2025-12-05,SoFi: $1.5B Dilution Raises Red Flags As Insiders Keep ...,"SoFi faces $30 resistance, high valuation, falling EPS, dilution risks, ongoing insider selling, and macro headwinds. Learn why SOFI stock is a strong sell.",https://seekingalpha.com/article/4850590-sofi-stock-dilution-raises-red-flags-as-insiders-keep-selling
4a54a95a3b0ddb87614af33b70c42554,Institutional_Positioning_Dec2025,Fund_Flows,Financial_Deep,seekingalpha.com,2025-12-21,TLK Perusahaan Perseroan (Persero) PT Telekomunikasi ...,TLK Insider Selling & Buying. No insider transaction data currently available. TLK Ownership. Type. Common Stock Held. % of Shares Outstanding. Market Value.,https://seekingalpha.com/symbol/TLK
45c329532ba4efba163ff256db52eaed,Institutional_Positioning_Dec2025,Fund_Flows,Financial_Deep,seekingalpha.com,2025-12-12,MSGM Motorsport Games Inc. Stock Price & Overview,"MSGM Insider Selling & Buying. DateSort by Date in descending order, Name, Title, Transaction Type, # Shares, Share Price, Total Value. Dec. 12, 2025, John ...",https://seekingalpha.com/symbol/MSGM
ef055f0d79c96e1ef5a2f0dd6f87ae0e,Institutional_Positioning_Dec2025,Fund_Flows,Financial_Deep,seekingalpha.com,2025-12-04,Tracking Bill Ackman's Pershing Square 13F Portfolio,Their Q1 2025 investor call mentioned the following: Fannie/Freddie common shares could become an anchor for the sovereign wealth fund as they are uniquely ...,https://seekingalpha.com/article/4850529-bill-ackman-pershing-square-13f-portfolio-q3-2025-update
8accd14742b45d9da748d2c9f2213f83,Institutional_Positioning_Dec2025,Fund_Flows,Financial_Deep,bloomberg.com,2025-12-12,Wall Street Whiplash Hits Trend Chasers in Year of ...,"Long positions in the S&P 500 and Nasdaq barely buttressed CTA returns, despite the headline strength of the artificial-intelligence trade. That's because ...",https://www.bloomberg.com/news/articles/2025-12-12/wall-street-whiplash-hits-trend-chasers-in-year-of-endless-noise
07a775c00badc3de4fd9fe5d91e65f36,Institutional_Positioning_Dec2025,Fund_Flows,Financial_Deep,seekingalpha.com,2025-12-11,"S&P500 Sector Outlook For 2026: Sell Technology, Buy ...","Discover why a 2026 recession may trigger an AI bubble burst, impacting tech stocks, and learn why health care could outperform.",https://seekingalpha.com/article/4852526-sp500-sector-outlook-for-2026-sell-technology-buy-healthcare
dfb70864d0a49faa22ad52896b35a050,Institutional_Positioning_Dec2025,Fund_Flows,Financial_Deep,wsj.com,2025-12-10,U.S. Investors Are Going Big on China AI Despite ...,"Funds managed by U.S. players Vanguard Group, BlackRock and Fidelity have this year increased their stakes in Alibaba's Hong Kong-listed shares, according to ...",https://www.wsj.com/tech/ai/u-s-investors-are-going-big-on-china-ai-despite-concerns-in-congress-cb9a71c5
777e3d93d0bb407da5e6c92cba36bd8f,Institutional_Positioning_Dec2025,Fund_Flows,Financial_Deep,bloomberg.com,2025-12-18,Trillions Podcast,It's like fighting a multi-front war where issuers have to market existing funds; engage in fee wars with the likes of Vanguard and BlackRock ... inflows of $67 ...,https://www.bloomberg.com/podcasts/series/trillions
14a1f78eaccbf6e626452e1505c76b04,Institutional_Positioning_Dec2025,Fund_Flows,Financial_Deep,seekingalpha.com,2025-12-21,Vanguard Information Technology Index Fund ETF Shares ...,Get the latest news and real-time alerts from Vanguard Information Technology Index Fund ETF Shares (VGT) stock at Seeking Alpha ... BlackRock says AI is set to ...,https://seekingalpha.com/symbol/VGT/news
616b3ebfcf7b6c0865ab17003406d1ad,Institutional_Positioning_Dec2025,Fund_Flows,Financial_Deep,seekingalpha.com,2025-12-12,Bitcoin: Set For The 2026 Macro Reset,"As of late 2025, just MicroStrategy ($MSTR) holds over 660,000 $BTC, and a single ETF (BlackRock's $IBIT) holds a similar volume. This means millions of Bitcoin ...",https://seekingalpha.com/article/4852771-bitcoin-set-for-the-2026-macro-reset
545f8e5708611de29353aad3eecf6252,Institutional_Positioning_Dec2025,Fund_Flows,Financial_Deep,bloomberg.com,2025-12-18,Podcast: Take a Peek Inside Invesco's ETF Playbook,"It's like fighting a multifront war where issuers have to market existing funds, engage in fee wars with the likes of Vanguard and BlackRock and innovate in a ...",https://www.bloomberg.com/news/articles/2025-12-18/podcast-take-a-peek-inside-invesco-s-etf-playbook
3c33197fb0366c5a7207c3147b1138f7,Institutional_Positioning_Dec2025,Fund_Flows,Financial_Deep,seekingalpha.com,2025-12-05,The Bitcoin Selloff: What Liquidity & DXY Data Predict Next,"Chart of Bitcoin Spot ETF Net Inflow/Outflow shows recent volatility ... Now Blackrock, BofA, Fidelity and Vanguard are bullish. See the difference ...",https://seekingalpha.com/article/4850771-the-bitcoin-selloff-what-liquidity-and-dxy-data-predict-next
b96ae1a693408452df7cca2bfa0a6285,Institutional_Positioning_Dec2025,Fund_Flows,Financial_Deep,seekingalpha.com,2025-12-04,Bitcoin Price Alert: Bitcoin Breaks Major Resistance,"While BlackRock's Bitcoin ETF is recovering, major inflows went into funds ... A huge structural change, dubbed the ""Vanguard Effect,"" also boosted demand.",https://seekingalpha.com/article/4850125-bitcoin-price-alert-bitcoin-breaks-major-resistance-next-stop-100000
7130e4edcf88e7ce28ea31a6979d4de0,Institutional_Positioning_Dec2025,Fund_Flows,Financial_Deep,seekingalpha.com,2025-12-10,This bitcoin bull just slashed their price forecast,When pokemon Vanguard ETF?? Reply. Like. (1). R. Recent Aquisition. 10 Dec. 2025 ... It's hard to argue that BlackRock's balance sheet is powered by 'fools.,https://seekingalpha.com/news/4529976-this-bitcoin-bull-just-slashed-their-price-forecast
3bd08ac2d114e376ac184518b8fdf1a9,Institutional_Positioning_Dec2025,Fund_Flows,Financial_Deep,seekingalpha.com,2025-12-19,SPDR® S&P 500® ETF (SPY) Latest Stock News,"BlackRock says AI is set to drive markets through 2026. SA NewsTue, Dec. 093 ... Vanguard S&P 500 ETF. VTI. 0. 0.00%. Vanguard Total Stock Market Index Fund ...",https://seekingalpha.com/symbol/SPY/news
5a90194eb2c3c9600416a65c4a8160bb,Institutional_Positioning_Dec2025,Fund_Flows,Financial_Deep,seekingalpha.com,2025-12-19,Weekly Commentary: Global Monitoring Report On NBFI,A bevy of asset managers and banks - from Vanguard Group Inc. to Invesco ... BlackRock-led group. The proposed sale includes two ports at the Panama ...,https://seekingalpha.com/article/4854855-weekly-commentary-global-monitoring-report-on-nbfi
ab03c623d884cf60f6f9a01864fb56f3,Institutional_Positioning_Dec2025,Fund_Flows,Financial_Deep,bloomberg.com,2025-12-02,"Money-Market Assets Rise to Record $8 Trillion, Crane Says","“Money market funds continue to draw inflows as yields remain highly attractive amid gradual Fed rate cuts,” said Gennadiy Goldberg, head of US interest ...",https://www.bloomberg.com/news/articles/2025-12-02/money-market-assets-top-8-trillion-for-first-time-crane-says
c392174c258de08959e2434f8c1a305c,Institutional_Positioning_Dec2025,Fund_Flows,Financial_Deep,seekingalpha.com,2025-12-17,"The Safe Asset Squeeze Is Coming, And It Could Push ...",Maybe the turn to equities will support fund flows. Thanks for your article ... flow as it leaves the money market. High quality preferred stocks are ...,https://seekingalpha.com/article/4854096-the-safe-asset-squeeze-is-coming-and-it-could-push-money-toward-equities
dde3f2434354a9e162f5718dde0240f7,Institutional_Positioning_Dec2025,Fund_Flows,Financial_Deep,seekingalpha.com,2025-12-10,FOMC December 2025: $40B In 30 Days - The Fed Knows ...,"When this happens, it means marginal liquidity has dried up and banks are competing for reserve funding. This is the same signal the money market sent to the ...",https://seekingalpha.com/article/4852266-fomc-december-2025-40b-in-30-days-the-fed-knows-something-you-dont
fe118dc65a4c1c021aa4566f3ab5f677,Institutional_Positioning_Dec2025,Fund_Flows,Financial_Deep,bloomberg.com,2025-12-18,Munis Set to Reap Cash as Fed Cuts Rates ...,"... funds seeing net inflows of $50 billion this year. Rate cuts could also ... money-market funds. Norton expects that munis, and in particular higher ...",https://www.bloomberg.com/news/articles/2025-12-18/munis-set-to-reap-cash-as-fed-cuts-rates-alliancebernstein-says
67874831011424de129552ce1d38470e,Institutional_Positioning_Dec2025,Fund_Flows,Financial_Deep,seekingalpha.com,2025-12-21,2026 Market Outlook - A Soft Landing Will Bring More Bull ...,"That won't concern me unless we breach 5%, but the $8 trillion mountain of money market funds realizing gradually lower yields is likely to extend duration ...",https://seekingalpha.com/article/4854908-2026-market-outlook-soft-landing-will-bring-more-bull-market-gains
7fa5bc3b881e6530a2bb8499b46c6a87,Institutional_Positioning_Dec2025,Fund_Flows,Financial_Deep,markets.ft.com,2025-12-19,Half-year Financial Report – Company Announcement - FT.com,"Cash equivalents are held in a money market fund. ​ ​ ​ ​. 9. Called up share capital. ​. At the end of the period there were 301,265,952 (30 September 2024 ...",https://markets.ft.com/data/announce/detail?dockey=1323-17382959-2IL2J01NVRJBDASAAVOLLDH771
c072e8e90106b32ecb79d712cc0fd5a9,Institutional_Positioning_Dec2025,Fund_Flows,Financial_Deep,seekingalpha.com,2025-12-22,The 2026 Market Derby Is Under Starter's Orders,"Gold (GLD) is positioned to outperform in 2026 amid persistent geopolitical risk, de-dollarization, and a weak USD environment.",https://seekingalpha.com/article/4855078-2026-market-derby-under-starters-orders-where-put-your-money-market-rotates
cdcce0810c528aed99b6d3848a263d21,Institutional_Positioning_Dec2025,Fund_Flows,Financial_Deep,bloomberg.com,2025-12-03,FTSE 100 Live: Stocks Regain Composure After Latest AI ...,"It, however, already has huge demand for the assets because there is more than $8 trillion parked in money market funds. Gennadiy Goldberg, the head of US ...",https://www.bloomberg.com/news/live-blog/2025-12-03/ftse-100-live-pound-bitcoin-us-data-airbus-what-s-moving-uk-markets-right-now-markets-today-mipnb3fp
3b72ec1572fbdb9b1ead9331a0a8e8a6,Institutional_Positioning_Dec2025,Fund_Flows,Financial_Deep,seekingalpha.com,2025-12-19,iShares Prime Money Market ETF declares monthly ...,iShares Prime Money Market ETF (PMMF) - $0.3301. 30-Day SEC Yield of 3.90% as of Dec. 18. Payable Dec 24; for shareholders of record Dec 19; ex-div Dec 19.,https://seekingalpha.com/news/4533637-ishares-prime-money-market-etf-declares-monthly-distribution-of-03301
c2d3ce0e9ab7a9deffbf4fe452670ccc,Institutional_Positioning_Dec2025,Fund_Flows,Financial_Deep,seekingalpha.com,2025-12-08,2 REITs To Buy Before December 10th,"There is currently a record $7 trillion comfortably sitting in money-market funds, earning a 4% yield. But as that turns into just 2.75%, increasingly many ...",https://seekingalpha.com/article/4851004-2-reits-to-buy-before-december-10th
3e47ffd3cce74bf908e719b3c893fdc5,Institutional_Positioning_Dec2025,Fund_Flows,Institutional_Data,federalreserve.gov,2025-12-10,Transcript of Chair Powell's Press Conference December ...,"In light of the continued tightening in money market interest rates relative to our administered rates, and other indicators of reserve market conditions ...",https://www.federalreserve.gov/mediacenter/files/FOMCpresconf20251210.pdf
3b8f1df3dbac3034049f534d9b74bf5b,Institutional_Positioning_Dec2025,Fund_Flows,Institutional_Data,federalreserve.gov,2025-12-17,The Fed - FEDS Notes,"With fast growing combined assets exceeding $20 trillion, bank deposits and money market funds (MMFs) play increasingly important roles in monetary policy ...",https://www.federalreserve.gov/econres/notes/feds-notes/default.htm
9cff105d6e1a8abdd2c677c4f4912194,Institutional_Positioning_Dec2025,Fund_Flows,Institutional_Data,federalreserve.gov,2025-12-16,Finance and Economics Discussion Series (FEDS) - 2025,We examine whether access to the Federal Reserve's Overnight Reverse Repo Facility (ON RRP) affects money market fund flows during flight-to-safety episodes.,https://www.federalreserve.gov/econres/feds/2025.htm
2cb6e44c3b6288d9b19ae7995a2262da,Institutional_Positioning_Dec2025,Fund_Flows,Institutional_Data,federalreserve.gov,2025-12-13,The Fed - Banking and Financial Institutions,Erik Bostrom Senior Fin Inst Policy Analyst I Money Market Analysis Monetary ... Ioana Neamtu Senior Economist Flow of Funds Research and Statistics.,https://www.federalreserve.gov/econres/banking-financial-institutions-f.htm
09e6eda9f7049c30ada871473915cd6d,Institutional_Positioning_Dec2025,Fund_Flows,Institutional_Data,sec.gov,2025-12-17,Notes to Unaudited Condensed Financial Statements,"... money market funds meeting certain conditions under Rule 2a-7 under the Investment Company Act of 1940, as amended (the “Investment Company Act”), and that ...",https://www.sec.gov/Archives/edgar/data/1861063/000121390025122838/ea0269115-10q_aquaron.htm
24af8330c7b62b4319c17d6c57cc3054,Institutional_Positioning_Dec2025,Fund_Flows,Institutional_Data,sec.gov,2025-12-08,S-1/A,"Given the sustained flow of investment funds into passive strategies ... money market investments. Other (Expense) Income, net. Other (expense) income ...",https://www.sec.gov/Archives/edgar/data/2046386/000119312525311099/d55108ds1a.htm
8d9945f634b1d9532b118c719a411909,Institutional_Positioning_Dec2025,Fund_Flows,Institutional_Data,sec.gov,2025-12-03,"Rabo Securities USA, Inc. December 3 l, 2016 With Report ...","The following is a summary of the financial assets and liabilities measured at fair value on a recurring basis as of December 31, 2016. Assets. Money market ...",https://www.sec.gov/Archives/edgar/data/1182014/000118201417000003/asofc_123116_final_opinion_.pdf
1b397e40d6bff4aafd15b0b1f9d957ec,Institutional_Positioning_Dec2025,Fund_Flows,Institutional_Data,sec.gov,2025-12-17,Form N-4,"Briefly describe each Portfolio Company's type (e.g., money market fund, bond fund, balanced fund, etc.), or include a brief statement describing the Portfolio.",https://www.sec.gov/files/formn-4.pdf
ecdd3fd5b27dbcd1dfe95ae94edd22f2,Institutional_Positioning_Dec2025,Fund_Flows,Tech_Sovereign,scmp.com,2025-12-14,Hong Kong Monetary Authority (HKMA),"Franklin Templeton introduces tokenised money market fund in Hong Kong. The launch marks the first project under the HKMA's Fintech 2030 strategy, aimed at ...",https://www.scmp.com/topics/hong-kong-monetary-authority-hkma
ee770cbb19009700c8848d256ebb492f,Institutional_Positioning_Dec2025,Fund_Flows,Tech_Sovereign,scmp.com,2025-12-01,Fintech: Latest News and Updates,"Franklin Templeton introduces tokenised money market fund in Hong Kong. The launch marks the first project under the HKMA's Fintech 2030 strategy, aimed at ...",https://www.scmp.com/topics/fintech
e15db6731b73bb090c25081d82dceb6f,Historical_Ritual_Correlation,Pattern_Recognition,Financial_Deep,seekingalpha.com,2025-12-14,Investors tilt toward 'run-it-hot' trades as sentiment nears ...,"Harnett said in the Dec. 12 report the revamped BofA Bull & Bear Indicator, widely watched for contrarian signals, rose to 7.8, placing ...",https://seekingalpha.com/news/4531246-investors-tilt-toward-run-it-hot-trades-as-sentiment-nears-extreme-bullish-bofa
1701cdc46ea110c3daa8e3b5ea531451,Historical_Ritual_Correlation,Pattern_Recognition,Financial_Deep,bloomberg.com,2017-08-09,"If We Are Racing to the Pre-Crisis Bubble, Here Are 12 ...","“The BofAML Bull & Bear Indicator has risen to 7.6, nearly giving the first 8.0 'sell' signal of excess risk appetite since 2013. The ...",https://www.bloomberg.com/news/articles/2017-08-09/if-we-are-racing-to-the-pre-crisis-bubble-here-are-12-charts-to-watch
214ebf48624ec9175ea9f9e91a245e7e,Historical_Ritual_Correlation,Pattern_Recognition,Financial_Deep,bloomberg.com,2024-10-15,Froth Is Back in the Stock Market. BofA Calls It a Sell Signal,"... Bull & Bear Indicator to reach a level of 8.0, compared with 7.1 currently. — Michael Msika and Lynn Thomasson. On the move. Trump Media ...",https://www.bloomberg.com/news/newsletters/2024-10-15/froth-is-back-in-the-stock-market-bofa-calls-it-a-sell-signal
7d8f8e27abdd2522ab46d2291f99e14d,Historical_Ritual_Correlation,Pattern_Recognition,Financial_Deep,bloomberg.com,2022-08-16,Where the Amazon Fallacy Runs Into the Growth Rebound,"The bank's custom bull & bear indicator remains “max bearish,” which means its strategists see no immediate reversal of the bear market rally.",https://www.bloomberg.com/opinion/articles/2022-08-17/amazon-fallacy-looms-in-the-growth-rebound-as-investors-overlook-value
941aed2442734c292d741502e95ba474,Historical_Ritual_Correlation,Pattern_Recognition,Financial_Deep,seekingalpha.com,2025-05-31,Markets poised for 'big breakout/breakdown' as dollar ...,"The Bull & Bear Indicator has ticked up to 4.2 from 3.7, driven by high-yield and EM bond inflows and strong technical breadth across global ...",https://seekingalpha.com/news/4454047-markets-poised-for-big-breakoutbreakdown-as-dollar-weakens-bofas-michael-hartnett
5c5e6adadccee74c90becb942e6fb802,Historical_Ritual_Correlation,Pattern_Recognition,Financial_Deep,bloomberg.com,2022-07-20,Bernstein Disagrees With BofA Survey on Capitulation,"Bank of America strategists said their custom bull & bear indicator remains “max bearish,” which could be a contrarian signal for a short-term ...",https://www.bloomberg.com/news/articles/2022-07-20/bernstein-strategists-say-stocks-have-yet-to-see-capitulation
f8bbd511f235eeaf77c82184d9d38916,Historical_Ritual_Correlation,Pattern_Recognition,Financial_Deep,wsj.com,2025-01-02,New Orleans Attack Leaves 15 Dead,"... financial crash of 2008-09. That hit, along with the trauma of ... Jewish holidays. The secular education police really are nasty. New ...",https://www.wsj.com/public/resources/documents/7a7j90E3xfeCo7a6Z0EP-WSJNewsPaper-1-2-2025.pdf
ca31e97899e8267471d0a652d12bb0ee,Historical_Ritual_Correlation,Pattern_Recognition,Financial_Deep,wsj.com,2021-12-22,U.S. to Disburse 500 Million Covid Test Kits,"sunrise on the winter solstice, the first day of winter, in the Northern Hemisphere. ... December's volatility has added to many funds ...",https://www.wsj.com/public/resources/documents/iJdXqYj1rMuhiJdC3nUw-WSJNewsPaper-12-22-2021.pdf
c9b7963c74d3e3f3bc1a7e5128e4c933,Historical_Ritual_Correlation,Pattern_Recognition,Financial_Deep,bloomberg.com,2022-12-20,Watch Bloomberg Market's The Close (12/20/2022),"THE SOLSTICE. THE WINTER SOLSTICE. IT MAY BE SAD FOR SOME BECAUSE DECEMBER 21 IS THE SHORTEST DAY OF THE YEAR, BUT IT MEANS CHRISTMAS IS ...",https://www.bloomberg.com/news/videos/2022-12-21/bloomberg-market-s-the-close-12-20-2022
ee299ee8e2c50becf1cc1d8b75fc6f55,Historical_Ritual_Correlation,Pattern_Recognition,Financial_Deep,bloomberg.com,2019-06-21,Watch 'Bloomberg Daybreak: Americas' Full Show (06/21/2019),"TYPICALLY ON THESE DAYS, YOU DO SEE SOME VOLUME AND VOLATILITY SPIKE. LAST QUADRUPLE WITCHING DAY WE HAD WAS DECEMBER 21. THAT VOLATILITY ...",https://www.bloomberg.com/news/videos/2019-06-21/-bloomberg-daybreak-americas-full-show-06-21-2019-video
aa04c49a761e72e3bad213f6cc064afc,Historical_Ritual_Correlation,Pattern_Recognition,Financial_Deep,bloomberg.com,2025-11-18,Stocks Face Sell Signal as Cash Holdings Drop in BofA ...,"With investor exposure to stocks still the highest since February in the BofA survey, Hartnett said the market would “correct further” without ...",https://www.bloomberg.com/news/articles/2025-11-18/stocks-face-sell-signal-as-cash-holdings-decline-in-bofa-survey
8ca1f7f9c34acaeec40f6c0d74873275,Historical_Ritual_Correlation,Pattern_Recognition,Financial_Deep,bloomberg.com,2024-12-17,BofA Says Stocks Flash Sell Signal After Cash Holdings ...,"Since 2011, every time the BofA sell signal was triggered, the MSCI All-Country World Index handed investors losses of 2.4% in the following ...",https://www.bloomberg.com/news/articles/2024-12-17/bofa-s-sell-signal-for-stocks-triggered-as-cash-holdings-tumble
189f7c4b4ab207b1ef246ff0e8beb2b0,Historical_Ritual_Correlation,Pattern_Recognition,Financial_Deep,bloomberg.com,2022-09-01,BofA Sees Cracks Finally Forming in Traders' S&P 500 ...,BofA Sees Cracks Finally Forming in Traders' S&P 500 Bearishness. Its sell-side indicator rises first time since October 2021; Savita ...,https://www.bloomberg.com/news/articles/2022-09-01/bofa-sees-cracks-finally-forming-in-traders-s-p-500-bearishness
c7ae46c3a11f9226b6cc610187ed11c6,Historical_Ritual_Correlation,Pattern_Recognition,Financial_Deep,bloomberg.com,2024-10-15,"Global Stocks Optimism Flashes Sell Signal, BofA Survey ...","Global Stocks Optimism Flashes Sell Signal, BofA Survey Shows. Equities fall 2.5% on average in month following signal: BofA; Strong US ...",https://www.bloomberg.com/news/articles/2024-10-15/global-stocks-optimism-flashes-sell-signal-bofa-survey-shows
e41eadc5dad40b6f9a1a63cbea5845bf,Historical_Ritual_Correlation,Pattern_Recognition,Financial_Deep,bloomberg.com,2025-06-06,BofA's Hartnett Says Global Stocks Are Close to Sell Signal,"BofA's Hartnett Says Global Stocks Are Close to Sell Signal ... past four weeks. Should that reading increase to more than 1%, it would be ...",https://www.bloomberg.com/news/articles/2025-06-06/bofa-s-hartnett-says-stocks-are-close-to-setting-off-sell-signal
b7f8297a2b2e1f7c70d7d20b387b3b5a,Historical_Ritual_Correlation,Pattern_Recognition,Financial_Deep,bloomberg.com,2025-07-04,S&P 500 Is a Touch Away From Triggering Sell Signal ...,"S&P 500 Is a Touch Away From Triggering Sell Signal, BofA Says ... S&P 500 Is Tracking a Third Month of Gains. The index has rebounded after ...",https://www.bloomberg.com/news/articles/2025-07-04/s-p-500-is-a-touch-away-from-triggering-sell-signal-bofa-says
8b19a62c32ace96248b9fb780789a4e4,Historical_Ritual_Correlation,Pattern_Recognition,Financial_Deep,bloomberg.com,2023-01-03,Bank of America Stock Indicator Near 'Buy' Since 2017,BofA's Stock Indicator Is the Closest It's Been to 'Buy' Since 2017. The bank's contrarian stock gauge fell 33 bps in December; BofA says ...,https://www.bloomberg.com/news/articles/2023-01-03/bank-of-america-s-stock-indicator-is-closest-it-s-been-to-buy-since-2017
1549a5742b6befbdfeb00216b92c3d68,Historical_Ritual_Correlation,Pattern_Recognition,Financial_Deep,bloomberg.com,2023-11-01,BofA Sentiment Indicator: S&P 500 Gaining 16% Next Year,"Source: BofA Global Research. The S&P 500 dropped 2.2% in October ... Historically, when the bank's Sell-Side Indicator has been at the ...",https://www.bloomberg.com/news/articles/2023-11-01/bofa-sentiment-indicator-shows-s-p-gaining-16-over-next-year
22a4a23a4897eb6c564ec449819294c9,Historical_Ritual_Correlation,Pattern_Recognition,Financial_Deep,bloomberg.com,2020-12-15,BofA Sell Signal: Stocks Rush Out of Cash - Bloomberg,Bank of America Flags Sell Signal for Stocks as Investors Rush Out of Cash. Investors are underweight cash for first time since 2013: BofA; Fund ...,https://www.bloomberg.com/news/articles/2020-12-15/bofa-flags-sell-signal-for-stocks-as-investors-rush-out-of-cash
43582cd47f1558091305e48d9f81196c,Historical_Ritual_Correlation,Pattern_Recognition,Alt_Intel,wikileaks.org,2011-09-30,Securitized Products Strategy,"BofA Merrill Lynch does and seeks to do business with companies covered in its research reports. As a result, investors should be aware that ...",https://wikileaks.org/gifiles/attach/97/97528__BofA_Securitized%20Products%20Strategy%20Securitization%20Weekly.PDF
d1985f99fe9e253d84961d6c5ef96743,Historical_Ritual_Correlation,Pattern_Recognition,Alt_Intel,wikileaks.org,2011-12-13,Morning Market Tidbits,"BofA Merrill Lynch does and seeks to do business with companies covered in its research reports. As a result, investors should be aware that ...",https://wikileaks.org/gifiles/attach/48/48430_boa%20121311.pdf
0cdf4339a19b2b0f5d04d3269215741c,Historical_Ritual_Correlation,Pattern_Recognition,Alt_Intel,wikileaks.org,2008-05-30,Deal Journal: Mean Street: Sear's Wall Street Seduction,"ent is a reversal of BofA's earlier statements, and it's a sign that the ba= nk will squeeze value out of Countrywide in an attempt to ...",https://wikileaks.org/gifiles/docs/12/1246245_deal-journal-mean-street-sear-s-wall-street-seduction-.html
adb5da8237f9bedfe5204f05725930f8,Historical_Ritual_Correlation,Pattern_Recognition,Alt_Intel,wikileaks.org,2010-06-16,RUS/RUSSIA/FORMER SOVIET UNION,"MTS plans to close the bid book on Tuesday.BofA - Merrill Lynch, Credit Suisse and RBS are arranging the placement.*** AKADO BOOSTS REVENUE ...",https://wikileaks.org/gifiles/docs/82/829714_rus-russia-former-soviet-union-.html
084b27391f2d34e605af9e130fe54dd7,Historical_Ritual_Correlation,Pattern_Recognition,Alt_Intel,wikileaks.org,2010-06-17,RUS/RUSSIA/FORMER SOVIET UNION,"to close the bid book on Tuesday.BofA - Merrill Lynch, Credit Suisse and. RBS are arranging the placement.*** AKADO BOOSTS REVENUE 14% TO 8.9 ...",https://wikileaks.org/gifiles/docs/80/800886_rus-russia-former-soviet-union-.html
cf71001a88a5f5d0c6d50ad8ac44c49a,Historical_Ritual_Correlation,Pattern_Recognition,Institutional_Data,sec.gov,2025-07-29,424B4,"The underwriters expect to deliver the shares of common stock to purchasers on or about July 31, 2025. BofA Securities, UBS Investment Bank.",https://www.sec.gov/Archives/edgar/data/1500412/000119312525169401/d377490d424b4.htm
4a3f2b9df9286f81347e09f1be31a12e,Historical_Ritual_Correlation,Pattern_Recognition,Tech_Sovereign,scmp.com,2025-09-14,the US market rally narrative is loaded with risks,"... BofA Global Research, which has a year-end target of 6,300 for the S&P 500, about 4 per cent below its current level. Carey Hall said the ...",https://www.scmp.com/business/banking-finance/article/3325465/stock-bulls-everywhere-beware-us-market-rally-narrative-loaded-risks
1cd48dcdf404908c6d327b64db70c9b3,Insider_Coordination_Rumors,Communications,Financial_Deep,ft.com,2025-12-20,Mercedes Ruehl,"The Davos set in decline: can the World Economic Forum save itself? Battered by scandal, the Swiss organisation behind the annual summit faces a moment of ...",https://www.ft.com/mercedes-ruehl
b216e8c785052e2de5837c919f778e98,Insider_Coordination_Rumors,Communications,Financial_Deep,ft.com,2025-12-22,UK public policy,"Monday, 19 January 2026 Hard Rock Hotel Davos, Tobelmühlestrasse, Davos, Switzerland. Explore all events. Useful links. Support. View Site TipsHelp Centre ...",https://www.ft.com/uk-public-policy
59b3eef0cec6c05965547ffe1213c326,Insider_Coordination_Rumors,Communications,Financial_Deep,ft.com,2025-12-17,Sergey Brin,News in-depthWorld Economic Forum in Davos · Tech leaders at Davos fret over effect of AI on jobs · Silicon Valley fears vilification like bankers for ...,https://www.ft.com/stream/30cb2ac2-7afb-4288-9332-3a9f364def6b
3d228499789843c30f6c58cdb3aa057b,Insider_Coordination_Rumors,Communications,Financial_Deep,ft.com,2025-12-18,Cyber Security,"Get the latest news, analysis and opinion on Cyber Security.",https://www.ft.com/cyber-security
890b760ce8cb90bafcbd8452441f0263,Insider_Coordination_Rumors,Communications,Financial_Deep,wsj.com,2025-12-21,"Europe - Latest News, Investigations and Analysis",The latest news from around the world by Wall Street Journal reporters on the ground.,https://www.wsj.com/world/europe?page=7
10fd912792468212690c95282ab8c4dc,Insider_Coordination_Rumors,Communications,Financial_Deep,ft.com,2025-12-23,Sexual misconduct allegations,'A family enterprise': WEF founder Klaus Schwab on alleged wrongdoing at Davos · World Economic Forum's ousted leader files for defamation after 'stupid and ...,https://www.ft.com/sexual-misconduct-allegations
9a474b0efdb1129710814086ded1a8df,Insider_Coordination_Rumors,Communications,Financial_Deep,ft.com,2025-12-25,Middle Eastern politics & society,"Get the latest news, analysis and opinion on Middle Eastern politics & society.",https://www.ft.com/middle-eastern-politics-society
efeab6679e2bafd9f56db22b99508d8d,Insider_Coordination_Rumors,Communications,Financial_Deep,video-api.wsj.com,2025-12-17,The Journal.,to change the way Americans buy and sell homes by encouraging sellers to list their homes privately when they first hit the market. That strategy is challenging ...,https://video-api.wsj.com/podcast/rss/wsj/the-journal
45fc84db26021bb09808ee79447aed39,Insider_Coordination_Rumors,Communications,Tech_Sovereign,scmp.com,2025-12-17,"Frank Chen: Latest Articles, Analysis and Profile",'Summer Davos' panel mulls US economy secret sauce: did China crack the recipe? The World Economic Forum's 16th Annual Meeting of the New Champions has ...,https://www.scmp.com/author/frank-chen
8abe7112d05563c3f877c351e85f5a32,Insider_Coordination_Rumors,Communications,Financial_Deep,ft.com,2025-12-15,The Trump back channel: how diplomacy works in ...,"Rather than use the traditional policy process, foreign governments are dealing with the handful of envoys who appear to have the president's ear.",https://www.ft.com/content/05bdc758-7d2e-46bc-bba8-f5858e9b3ad7
1818227c2c7232fb86d5e61d3407b88a,Insider_Coordination_Rumors,Communications,Financial_Deep,bloomberg.com,2025-12-18,Oil Prices Set to Be Pushed Lower in 2026 by Global Glut,"There's a record 1.4 billion barrels of crude currently on the world's oceans, pushing down benchmark prices and sending gasoline under $3 a gallon at the ...",https://www.bloomberg.com/graphics/2025-global-oil-supply-prices/
36b910ceee860dd5411cc7c4d25d9b4f,Insider_Coordination_Rumors,Communications,Financial_Deep,ft.com,2025-12-18,Abigail Hauslohner,"Rather than use the traditional policy process, foreign governments are dealing with the handful of envoys who appear to have the president's ear.",https://www.ft.com/stream/bd57c14b-d60e-42e3-964d-455e5a43d3f6
e31e11eff540fba06462b8f455c836cc,Insider_Coordination_Rumors,Communications,Financial_Deep,wsj.com,2025-12-15,"Europe - Latest News, Investigations and Analysis","Back-channel contacts, direct diplomacy and a multibillion-dollar weapons deal helped align the U.S. and Europe on arming Ukraine. ... Gulf Between U.S. and ...",https://www.wsj.com/world/europe?page=9
d73eb2a59646536bc3aa2d2ef2af5bdd,Insider_Coordination_Rumors,Communications,Financial_Deep,wsj.com,2025-12-19,"How Putin Got His Preferred U.S. Envoy: Come Alone, No ...","Saudi Arabia had for years been offering the U.S. to help negotiate a peace deal in Ukraine, hoping to end a conflict that has roiled energy markets and ...",https://www.wsj.com/world/putin-witkoff-russia-envoy-04da229d
113cf9c8e421d06bb7ee59b25e6ce391,Insider_Coordination_Rumors,Communications,Financial_Deep,seekingalpha.com,2025-12-23,Politics And The Markets 12/24/25,"... media outlets as “disinformation.” Let's take a look at the full statement ... Every single ""BREAKING"" claim about the Epstein documents about Trump has been out ...",https://seekingalpha.com/article/4852428-politics-and-the-markets-122425
96719d2a606a4254fb296be1b2ded837,Insider_Coordination_Rumors,Communications,Financial_Deep,seekingalpha.com,2025-12-16,Politics And The Markets 12/16/25,"... [Epstein's] plane…he's on the manifest. They were, you know, sort of young ... And when people would say terrible things to me on social media about him, I said, ' ...",https://seekingalpha.com/article/4852418-politics-and-the-markets-121625
96bef578974cb5ba0ec80db118ab0be7,Insider_Coordination_Rumors,Communications,Institutional_Data,reports.adviserinfo.sec.gov,2025-12-15,FORM ADV,You may need to list more than one portal address. Do not provide the addresses of websites or accounts on publicly available social media platforms where you ...,https://reports.adviserinfo.sec.gov/reports/ADV/104518/PDF/104518.pdf
efd461dc176c09ef010eaa574eff0fa6,Insider_Coordination_Rumors,Communications,Financial_Deep,markets.ft.com,2025-12-19,Company Announcement - Markets data,... whistleblower submissions and related rewards; continued market integrity ... SEC's website at www.sec.gov for a more complete discussion of such risk ...,https://markets.ft.com/data/announce/detail?dockey=1330-9605409en-3EQA2CTKOE86QL9TAPD3BCGRKN
eca9f636bef8fb20e365e498efe115dd,Insider_Coordination_Rumors,Communications,Institutional_Data,sec.gov,2025-12-17,Danh C. Vo,"SEC Charges Individual with Misappropriating $48.5 Million in Bitcoin Mining Investment Scheme. On December 17, 2025, the Securities and Exchange Commission ...",https://www.sec.gov/enforcement-litigation/litigation-releases/lr-26448
4f1e0b8ddaf1023239bd9961b35cb865,Insider_Coordination_Rumors,Communications,Institutional_Data,sec.gov,2025-12-23,Bryan Scott McMillan,"SEC Obtains Final Judgment as to Texas Resident Charged with Insider Trading. On December 22, 2025, the U.S. District Court for the Northern District of Texas ...",https://www.sec.gov/enforcement-litigation/litigation-releases/lr-26454
ad2c98af606fdcd49626ca85e2275e35,Insider_Coordination_Rumors,Communications,Institutional_Data,sec.gov,2025-12-23,Litigation Releases | U.S. Securities and Exchange ...,The list below provides links to litigation releases concerning civil actions brought by the Commission in federal court.,https://www.sec.gov/enforcement-litigation/litigation-releases
a103ff0ec9b644ab40a9404ee8bd55b1,Insider_Coordination_Rumors,Communications,Institutional_Data,sec.gov,2025-12-23,securities and exchange commission,The 2025 Convertible Securities are convertible into an applicable series of capital stock or become due and payable upon certain specified conditions or ...,https://www.sec.gov/Archives/edgar/data/1646681/000162828025058773/motive-sx1.htm
63b47c7e203e0e959e6f4d366f9cde10,Insider_Coordination_Rumors,Communications,Institutional_Data,sec.gov,2025-12-17,Administrative Proceedings | U.S. Securities and Exchange ...,"On November 13, 2025, the Commission issued an order lifting the stay and extending dates in the proceedings previously subject to the ...",https://www.sec.gov/enforcement-litigation/administrative-proceedings
78c3ef55d35bb526daf546d7fe2ae019,Insider_Coordination_Rumors,Communications,Institutional_Data,sec.gov,2025-12-22,Newsroom,"SEC Charges Three Purported Crypto Asset Trading Platforms and Four Investment Clubs with Scheme That Targeted Retail Investors on Social Media. Dec. 22, 2025 ...",https://www.sec.gov/newsroom
